PassengerId,Survived,Pclass,Name,Sex,Age,SibSp,Parch,Fare,Embarked
1,0,3,Passenger_1,male,,3,0,53.39125101637631,C
2,1,3,Passenger_2,male,25.04197989129028,0,0,1.822437845131651,Q
3,1,2,Passenger_3,female,56.27207713044842,1,0,24.718475158471527,Q
4,0,3,Passenger_4,female,41.50520055071486,0,0,2.3411946935931893,S
5,0,1,Passenger_5,male,,0,3,86.99521688146957,C
6,0,2,Passenger_6,male,,0,2,46.52596769650484,S
7,0,3,Passenger_7,male,35.41006082413565,0,0,34.3295390136775,S
8,1,1,Passenger_8,male,1.7487475994886559,4,0,55.57384692527637,S
9,0,1,Passenger_9,male,25.65619078481403,0,0,33.36834611048212,C
10,1,1,Passenger_10,female,,0,1,111.1032333314724,S
11,0,1,Passenger_11,male,28.990990839625468,0,0,40.05172619305834,S
12,1,1,Passenger_12,female,9.324747221348161,0,0,82.74321989276527,S
13,1,3,Passenger_13,male,,0,0,23.296375390864632,S
14,0,2,Passenger_14,male,,1,0,3.9840969255466407,S
15,0,3,Passenger_15,female,47.77992987525343,0,0,24.03689256767388,C
16,0,3,Passenger_16,male,28.800941864192538,0,2,4.341569965758256,S
17,0,2,Passenger_17,male,43.49601451734225,0,0,28.72634702106108,S
18,0,2,Passenger_18,male,24.385648204663248,5,0,21.079435018372482,S
19,0,2,Passenger_19,female,4.993861991012576,0,0,31.1803027071995,S
20,0,3,Passenger_20,female,,0,0,0.3231293628958584,S
21,0,2,Passenger_21,male,52.36188714336887,0,3,6.934875973764158,S
22,0,3,Passenger_22,male,25.727100313475088,0,0,21.630612859154613,S
23,0,2,Passenger_23,male,26.170932299062237,0,0,96.18734602533647,S
24,0,3,Passenger_24,female,25.35234615401423,0,0,15.483962944682819,S
25,0,2,Passenger_25,female,57.309980548808596,1,0,17.673398576671975,S
26,1,2,Passenger_26,male,53.276404272749915,0,0,40.13441000008658,S
27,0,3,Passenger_27,male,61.87231338499794,1,0,29.626171661945655,S
28,0,3,Passenger_28,male,27.393844449199257,0,0,11.364545540350832,Q
29,0,1,Passenger_29,female,33.98655508683288,0,0,16.928557491502833,S
30,0,3,Passenger_30,female,,0,0,7.8565351415666616,S
31,0,3,Passenger_31,male,,0,0,108.22483534444898,S
32,0,3,Passenger_32,male,12.76719650661494,1,0,4.479728240453846,S
33,0,3,Passenger_33,male,32.84324567455812,0,0,14.87856797101221,Q
34,1,2,Passenger_34,female,,0,1,0.8377172077331285,S
35,1,1,Passenger_35,male,21.161431012288908,0,2,8.023851698270047,S
36,1,2,Passenger_36,female,,5,0,48.52069014698193,S
37,0,3,Passenger_37,male,20.88580872020064,0,0,7.187637496737111,S
38,0,3,Passenger_38,male,21.88272080433981,2,0,2.6704168673986337,C
39,1,2,Passenger_39,male,21.75010247358638,0,0,20.58611187965317,S
40,0,1,Passenger_40,male,41.783341720814455,0,1,0.32061632993959144,S
41,0,3,Passenger_41,male,13.679489500593458,0,0,2.8344216776263407,S
42,0,3,Passenger_42,female,,0,0,52.74602262331934,S
43,0,3,Passenger_43,male,47.3604077084306,0,1,47.23527752825873,C
44,1,1,Passenger_44,male,22.258652714555758,0,1,78.93563324224624,S
45,0,2,Passenger_45,male,19.290176084159775,2,0,61.68592917542628,S
46,1,1,Passenger_46,female,26.357392934886363,1,0,36.78103954492048,S
47,0,3,Passenger_47,female,,1,0,1.7200625177145978,S
48,0,1,Passenger_48,male,32.51456064882369,0,0,48.869137782265,S
49,0,3,Passenger_49,female,21.997392728189823,0,2,59.7641970614601,S
50,0,2,Passenger_50,male,36.71621144222657,0,1,51.35549247649032,S
51,1,3,Passenger_51,male,13.716763827371862,1,1,22.72802194540688,S
52,1,3,Passenger_52,female,39.579712901422745,2,0,8.484496156910494,S
53,1,3,Passenger_53,female,35.624805961675634,0,1,59.72676181601702,Q
54,1,1,Passenger_54,female,,0,0,41.56416109992302,S
55,0,1,Passenger_55,male,17.540505922515152,0,0,126.42639598493206,S
56,1,1,Passenger_56,male,16.84312662688987,0,0,5.415636160963219,S
57,0,3,Passenger_57,female,37.4548513770157,0,0,8.184004609080505,S
58,0,3,Passenger_58,male,47.520217286091395,0,0,7.616034142516132,S
59,0,3,Passenger_59,male,20.459037668082473,1,0,50.33009948371151,C
60,0,3,Passenger_60,male,,0,0,6.62112478170351,S
61,0,3,Passenger_61,male,0.42,0,0,2.2075374823828997,S
62,0,1,Passenger_62,male,21.223042905470606,5,0,209.39751843948144,S
63,1,3,Passenger_63,female,29.24964547337192,0,0,0.8041712036717305,S
64,0,2,Passenger_64,male,16.509590453763412,0,0,57.705281682735894,S
65,0,2,Passenger_65,male,16.120657565550857,0,1,14.550660808116035,S
66,0,3,Passenger_66,male,20.01719643120115,0,0,58.96734092307545,S
67,0,1,Passenger_67,female,,0,0,25.88251300891837,S
68,1,1,Passenger_68,male,26.983729233107567,1,0,74.20902074003861,S
69,0,3,Passenger_69,male,0.42,0,1,83.401648539491,S
70,1,1,Passenger_70,female,,0,0,0.2924743199170423,S
71,1,3,Passenger_71,female,,0,0,2.5090315662349556,S
72,0,2,Passenger_72,female,36.336455497776505,0,0,9.221135775075298,S
73,0,2,Passenger_73,female,0.42,1,0,35.41088887835914,S
74,1,2,Passenger_74,male,22.453912445801357,1,0,70.13407013499159,S
75,1,2,Passenger_75,female,,0,0,19.714516723119925,S
76,1,3,Passenger_76,male,49.8308977840225,1,0,29.884072416821862,S
77,1,2,Passenger_77,female,24.117183730163475,0,0,6.683862740145747,S
78,0,3,Passenger_78,female,35.253340278743465,5,0,52.306740871129016,S
79,0,3,Passenger_79,female,31.748228531268218,0,0,109.4796878473258,S
80,0,3,Passenger_80,female,0.42,5,0,10.009386057763392,S
81,1,3,Passenger_81,male,40.83900464116019,1,0,21.851272281251195,C
82,1,3,Passenger_82,male,32.82324932911617,0,0,2.881656037204744,S
83,0,1,Passenger_83,female,37.069895275281546,0,0,26.208650565069473,S
84,0,1,Passenger_84,female,80.0,5,0,22.3593477471288,S
85,0,2,Passenger_85,male,0.42,1,1,4.991838217137294,S
86,0,3,Passenger_86,male,54.70810142153607,0,2,18.672479524594742,S
87,1,1,Passenger_87,male,,1,0,13.011928193724708,S
88,1,3,Passenger_88,female,,0,0,23.609305334915838,S
89,1,3,Passenger_89,female,,0,0,28.193750878283538,S
90,0,2,Passenger_90,male,23.548573165728367,0,1,0.27301989553329964,S
91,0,3,Passenger_91,male,21.437422540537998,0,0,45.80213634002245,S
92,1,1,Passenger_92,female,,1,0,39.94633158048376,S
93,1,1,Passenger_93,female,7.700981398260652,0,1,14.597060475442495,S
94,0,3,Passenger_94,male,40.5833979290656,1,0,1.7404332227096462,S
95,1,3,Passenger_95,male,23.665181129163816,0,1,44.99909627272134,S
96,0,3,Passenger_96,male,13.313994583914813,0,0,99.35977086722221,S
97,0,2,Passenger_97,male,23.174813559060702,0,0,8.788362689544195,S
98,0,2,Passenger_98,male,,0,1,12.507494911219595,S
99,0,3,Passenger_99,female,21.937641238264764,0,0,6.499572742339865,S
100,0,3,Passenger_100,female,34.89757746403949,0,0,27.527427286255207,C
101,0,3,Passenger_101,male,19.101134002125637,0,0,5.383391059074695,Q
102,1,2,Passenger_102,female,40.68986682389249,0,2,14.091448085664796,S
103,0,3,Passenger_103,male,39.639862212457956,0,0,38.2100935895441,S
104,0,2,Passenger_104,male,,0,0,26.279813906122953,S
105,1,1,Passenger_105,male,,1,0,15.632447899278057,S
106,0,3,Passenger_106,male,39.39549466898964,1,0,17.44504371238277,S
107,0,1,Passenger_107,female,31.121979323314694,0,0,26.425265834537306,S
108,1,3,Passenger_108,female,,0,0,0.1882237740824207,Q
109,0,2,Passenger_109,male,19.27693037967341,0,0,2.6164227535709412,S
110,0,1,Passenger_110,male,40.502577036720574,3,2,68.18568887783324,S
111,0,3,Passenger_111,female,26.876889206308114,0,0,2.594522104440201,S
112,0,3,Passenger_112,male,28.769271431926782,0,0,39.261202381714426,C
113,1,3,Passenger_113,male,31.030411024501404,0,0,80.83858590389171,S
114,1,3,Passenger_114,female,33.35748574818682,0,0,10.100724090447564,S
115,1,3,Passenger_115,male,,0,2,14.81010633041222,S
116,1,3,Passenger_116,male,32.81334115597263,1,0,26.926875279173803,C
117,1,3,Passenger_117,male,52.582711834651676,0,0,68.30743462377959,S
118,0,2,Passenger_118,female,43.989020441420664,0,0,91.06194515266675,C
119,1,3,Passenger_119,male,42.302741591205,0,0,43.05264775427387,S
120,0,1,Passenger_120,male,23.094676872653874,0,0,2.8992964114689688,S
121,1,3,Passenger_121,female,16.806007990689295,1,0,35.395287640986425,S
122,1,3,Passenger_122,male,43.55185809444742,0,0,16.90072503883412,S
123,0,1,Passenger_123,female,42.40267849168202,1,0,20.358457230277935,S
124,0,3,Passenger_124,male,,0,0,1.6127124712464052,C
125,0,3,Passenger_125,female,20.94228092344617,0,0,6.785061598187323,S
126,0,1,Passenger_126,male,26.371544497274968,3,3,50.01908781303545,S
127,1,3,Passenger_127,male,,0,0,19.361949079399267,S
128,1,3,Passenger_128,male,24.009168962117343,1,0,11.48967675992674,S
129,0,1,Passenger_129,male,44.150272403401985,0,0,15.505256965019107,S
130,0,3,Passenger_130,female,22.93581700119113,1,0,61.660441621815444,S
131,0,2,Passenger_131,female,38.98695703041194,0,0,44.233549604375305,S
132,0,3,Passenger_132,male,26.937704963031734,0,2,10.172402001478435,S
133,0,3,Passenger_133,male,34.39882690921263,1,0,3.999954412907029,Q
134,0,3,Passenger_134,female,13.058474847672823,2,2,9.29119755293755,S
135,1,3,Passenger_135,female,,1,0,81.12733666750641,C
136,0,3,Passenger_136,male,0.42,1,0,27.881302029053415,S
137,0,3,Passenger_137,male,26.990005706651218,1,2,24.39855470752846,S
138,1,2,Passenger_138,male,6.058137966130467,0,0,29.034084242623756,S
139,0,3,Passenger_139,female,47.18692048992883,0,2,14.584029079525365,S
140,1,1,Passenger_140,male,40.97240661508541,0,0,52.65983210566364,C
141,1,3,Passenger_141,male,,0,2,23.706850290646564,S
142,0,1,Passenger_142,male,51.754590293811006,0,0,3.97262778552614,S
143,0,1,Passenger_143,female,15.940710448039859,0,0,4.422018403445913,C
144,0,1,Passenger_144,male,55.03676636977559,0,0,24.631169662220127,S
145,0,3,Passenger_145,male,,1,0,88.25029700219456,S
146,0,2,Passenger_146,male,,0,0,11.79770557515506,S
147,0,3,Passenger_147,male,46.16649213415269,0,0,65.174322309637,C
148,0,1,Passenger_148,male,13.658744070031304,0,0,46.21851468413054,S
149,0,2,Passenger_149,male,17.744544657848735,1,0,9.112626403264244,S
150,0,3,Passenger_150,male,20.875449013024344,1,1,1.1845606468838976,S
151,1,3,Passenger_151,male,22.029823233071777,0,0,3.437284537027096,Q
152,0,2,Passenger_152,male,14.379914179976334,0,0,41.72066549614078,S
153,0,3,Passenger_153,female,47.43470447288222,0,0,7.127385889754385,S
154,0,3,Passenger_154,female,25.94661119463744,0,0,14.849754601323669,S
155,1,3,Passenger_155,male,,0,0,22.28964160059278,Q
156,0,1,Passenger_156,female,21.42990518700163,0,0,41.36601801041365,C
157,1,1,Passenger_157,male,,0,2,3.8454723445528747,Q
158,1,3,Passenger_158,male,33.61583169667562,0,1,16.687775803117237,S
159,0,1,Passenger_159,male,1.9723028564132363,3,0,21.239358703725028,S
160,1,3,Passenger_160,male,,3,0,24.906507933884754,S
161,0,3,Passenger_161,female,9.85943193692425,0,0,54.58342732457038,C
162,1,3,Passenger_162,female,58.515501988846715,0,0,6.02731349675428,S
163,1,3,Passenger_163,female,42.914759471533465,0,0,52.78023798317087,S
164,0,3,Passenger_164,male,31.233429973436465,0,0,37.77637148142509,C
165,0,2,Passenger_165,male,,3,0,25.97247359548556,S
166,1,3,Passenger_166,male,17.42841832674683,0,0,38.47680883430682,S
167,0,2,Passenger_167,male,37.58045099071635,1,0,16.99387199435878,S
168,0,3,Passenger_168,male,32.59725128892134,0,2,4.766763242967294,S
169,0,3,Passenger_169,male,33.52829117933821,5,0,35.06917310234607,C
170,0,3,Passenger_170,male,48.149125751548134,0,1,23.800026628605508,S
171,1,3,Passenger_171,male,40.32113549030713,1,4,32.63731483623366,S
172,0,3,Passenger_172,female,33.88649311096284,0,0,13.199612214404233,S
173,0,2,Passenger_173,female,5.704132174689704,0,0,75.95910917438026,S
174,0,2,Passenger_174,female,15.779328718447776,0,0,28.326516890810346,S
175,1,3,Passenger_175,male,27.920720462862,0,3,2.8566778886816113,S
176,0,1,Passenger_176,male,31.05389942701144,2,3,19.1193818786137,S
177,1,1,Passenger_177,male,13.312045992228104,2,0,45.185515525446974,S
178,0,2,Passenger_178,female,64.66931179588711,1,0,50.57704114947971,S
179,1,2,Passenger_179,male,51.687713801176805,0,1,21.8367760816858,S
180,0,2,Passenger_180,male,,1,0,72.0445992543471,C
181,0,1,Passenger_181,female,30.7445344886143,0,1,9.96870121347899,S
182,0,1,Passenger_182,male,,0,2,16.91673594759902,C
183,1,1,Passenger_183,male,15.897182329677584,0,0,73.23685505688162,S
184,1,3,Passenger_184,male,30.823467518523508,0,0,72.50674748935435,S
185,0,2,Passenger_185,male,,0,0,37.038334791544514,S
186,1,2,Passenger_186,male,,0,0,62.68343790233227,S
187,1,3,Passenger_187,male,,0,0,2.974832927878302,S
188,0,1,Passenger_188,male,27.448743792041142,1,1,64.07818521473195,S
189,0,3,Passenger_189,male,2.0367904107778294,0,2,12.37038476405093,Q
190,0,3,Passenger_190,female,17.22441734369722,0,2,6.285384482054642,S
191,0,1,Passenger_191,male,23.702719765386156,0,0,8.755456849901543,S
192,1,2,Passenger_192,male,57.071471031432765,0,1,17.319383128730067,C
193,1,3,Passenger_193,male,37.77002030573949,0,0,9.256725640454544,S
194,1,3,Passenger_194,female,10.335517248051573,0,0,12.367920469571809,C
195,0,3,Passenger_195,male,36.74752619655574,0,0,4.640028824514347,S
196,0,3,Passenger_196,male,7.264092160393698,1,0,11.239297337394662,Q
197,1,1,Passenger_197,female,45.39902028136256,0,2,27.177453486373533,S
198,1,3,Passenger_198,female,22.86869254864076,1,0,18.66029373062573,S
199,1,1,Passenger_199,male,28.342275263282023,0,0,13.623921766092566,S
200,1,3,Passenger_200,female,48.92405138936175,0,0,43.91048425531966,S
201,1,3,Passenger_201,male,11.036128255528375,1,0,71.67052564231402,S
202,0,3,Passenger_202,male,9.441786315861627,0,0,45.24245811674409,S
203,0,3,Passenger_203,male,21.23780976798293,0,0,12.91098100865324,S
204,1,1,Passenger_204,male,44.75649333978009,1,0,43.65780947132957,S
205,0,1,Passenger_205,female,7.6694819055857835,0,0,5.275240759657776,C
206,0,1,Passenger_206,male,0.42,1,1,4.46808440638144,C
207,0,1,Passenger_207,male,,0,0,13.570489929965472,S
208,1,3,Passenger_208,female,37.700241598708345,1,0,52.75875027152532,S
209,0,2,Passenger_209,female,47.103795371213025,0,0,9.050396289165,C
210,0,1,Passenger_210,male,22.984160249761715,0,0,2.0909593723138933,S
211,0,3,Passenger_211,male,,0,0,4.519327470117592,C
212,1,3,Passenger_212,male,,0,0,62.63002523393534,Q
213,1,3,Passenger_213,female,2.5887453544163996,0,2,32.144960084376315,S
214,0,3,Passenger_214,female,24.066448759846367,0,0,9.342701603916586,C
215,1,1,Passenger_215,female,32.46114640391334,0,1,25.931071804666736,S
216,0,2,Passenger_216,male,36.213671458632994,0,4,23.99635389816918,S
217,0,3,Passenger_217,male,22.307802948732203,0,0,34.095211735205325,S
218,1,3,Passenger_218,male,30.199394669734698,2,0,8.496417196862557,S
219,1,1,Passenger_219,male,0.42,0,0,63.93817386162252,C
220,1,3,Passenger_220,male,20.1553980211592,0,2,11.844767118219945,S
221,1,1,Passenger_221,female,36.27587633203978,0,2,37.90721636360649,S
222,0,1,Passenger_222,male,,0,0,0.5201940190751536,S
223,0,3,Passenger_223,male,30.55527121304916,2,1,14.920385457244132,S
224,0,3,Passenger_224,female,36.17965126163912,0,0,13.869339874421645,Q
225,0,3,Passenger_225,male,24.733036587562406,4,3,25.092239010764683,S
226,0,1,Passenger_226,female,32.17172467945028,0,2,2.416551892114566,S
227,1,3,Passenger_227,male,,1,0,49.960753062373364,S
228,0,2,Passenger_228,male,,0,0,7.8598487382329685,S
229,1,1,Passenger_229,male,38.54813445904372,1,0,36.167041169640996,S
230,1,3,Passenger_230,male,,0,0,52.020124739568736,S
231,1,3,Passenger_231,female,21.195296591322936,0,1,26.408175559481876,S
232,0,3,Passenger_232,male,32.9511378622165,0,0,43.2152441480901,S
233,0,3,Passenger_233,male,,0,0,34.69747812493864,C
234,0,3,Passenger_234,male,0.42,2,0,14.058454100674638,S
235,0,3,Passenger_235,male,46.506573941860516,0,3,52.95172773558106,S
236,1,1,Passenger_236,female,24.824306289124458,0,0,11.172287265389762,S
237,0,2,Passenger_237,male,35.869604031983336,1,0,27.097433441045567,C
238,0,2,Passenger_238,female,47.0600803928558,0,0,43.77768681142951,C
239,1,2,Passenger_239,female,,3,3,15.243302428074621,C
240,0,3,Passenger_240,male,19.413105464800573,1,1,11.540368183698726,S
241,1,3,Passenger_241,female,25.516043909802278,0,0,19.67922495782173,Q
242,1,1,Passenger_242,male,18.33557394369579,1,0,54.51353700863246,S
243,1,1,Passenger_243,male,54.856580349633724,0,0,85.06057573480048,S
244,0,3,Passenger_244,male,17.276804639511504,0,0,25.204518457729726,Q
245,0,1,Passenger_245,female,21.644571697440433,0,0,34.660203361626145,S
246,1,3,Passenger_246,female,32.663640958243164,0,2,74.74781230053439,S
247,0,3,Passenger_247,male,12.268831871896712,1,0,3.3199106623122234,S
248,1,3,Passenger_248,female,23.962629679534174,2,1,8.450171711964696,S
249,1,3,Passenger_249,male,34.30307228812754,0,0,39.49083039060099,C
250,1,3,Passenger_250,male,24.873524136453586,0,0,55.54625331229524,S
251,0,2,Passenger_251,male,,4,0,62.243637268713435,S
252,0,3,Passenger_252,female,22.024684369498623,0,0,17.162453018688037,S
253,1,3,Passenger_253,male,7.74018051687888,0,0,2.994737930778467,S
254,0,2,Passenger_254,male,34.363101564418955,0,0,18.427669575541895,S
255,0,3,Passenger_255,male,55.146529538885005,1,0,8.394215448019326,S
256,0,3,Passenger_256,male,29.966823646359853,0,0,11.013660105221598,S
257,1,3,Passenger_257,male,32.96632970008947,1,0,47.34668268842635,S
258,1,3,Passenger_258,male,39.744479949194464,1,4,2.5130088515543156,C
259,0,3,Passenger_259,female,11.29470780007286,0,0,56.250527339493104,S
260,0,3,Passenger_260,male,,0,1,17.857213875035125,S
261,0,3,Passenger_261,male,32.63376754813063,1,0,29.007957082931135,S
262,1,3,Passenger_262,male,53.36192503679208,0,1,3.005714847994485,S
263,0,3,Passenger_263,female,,1,0,13.168705018502113,C
264,0,3,Passenger_264,female,56.061897877088455,3,1,3.0074263374400334,Q
265,1,3,Passenger_265,male,40.93975466350435,0,0,104.26346695320345,S
266,1,1,Passenger_266,female,37.7190812448592,1,0,52.68549458737253,C
267,1,3,Passenger_267,male,,1,0,19.696201153645685,S
268,1,3,Passenger_268,male,26.096335037920483,1,0,8.098902717537717,S
269,0,1,Passenger_269,male,47.107709047871154,0,0,86.71611040253228,S
270,0,3,Passenger_270,male,31.73521811279668,0,0,13.520139153265152,S
271,1,1,Passenger_271,male,1.1774892979862912,0,0,5.616832540523144,S
272,1,2,Passenger_272,female,13.500796305248464,0,1,26.502346547517913,C
273,1,3,Passenger_273,female,,0,0,92.10810035172196,S
274,1,1,Passenger_274,female,34.19498525590055,1,0,0.12280463515245477,C
275,0,3,Passenger_275,male,28.87946691095151,0,0,8.703122336302688,C
276,0,3,Passenger_276,male,47.375076452008116,0,0,89.21174691019637,S
277,1,3,Passenger_277,female,1.4090229714399385,0,0,6.004442518074244,S
278,1,1,Passenger_278,male,31.78202507932482,1,0,3.84591362179509,S
279,1,2,Passenger_279,male,3.3393012318862567,0,2,27.02097762186532,Q
280,1,3,Passenger_280,male,40.71582828452044,0,1,63.33985659126515,S
281,1,3,Passenger_281,female,28.33034864059096,0,1,20.748282029938615,S
282,0,3,Passenger_282,male,35.78434459434971,1,0,166.87228810187275,S
283,0,2,Passenger_283,male,17.17369707144839,0,1,36.37917403145644,S
284,0,3,Passenger_284,female,48.25224150903739,0,0,2.4627821095621343,S
285,0,3,Passenger_285,male,44.805007628853346,4,0,158.02070317726557,S
286,0,3,Passenger_286,male,38.16139239367237,1,0,16.7702401909554,S
287,0,1,Passenger_287,male,27.82199992048011,3,0,10.84283461094491,S
288,0,3,Passenger_288,male,,0,0,26.117507005874323,S
289,0,3,Passenger_289,female,19.45005776418344,0,0,11.611125075338933,S
290,0,3,Passenger_290,male,42.105557055800325,1,0,2.8936124058698587,S
291,0,2,Passenger_291,male,53.617472967696855,0,0,0.045739652273463896,S
292,0,3,Passenger_292,female,45.2238531196982,1,0,19.106551916779253,S
293,1,3,Passenger_293,female,19.12076418779256,0,0,58.02136091416435,S
294,0,1,Passenger_294,female,34.94055110045999,0,0,27.179800630739894,S
295,0,3,Passenger_295,male,10.949447615499608,0,0,228.48206032834406,S
296,0,3,Passenger_296,male,37.9996595120473,0,1,10.817881550437347,S
297,1,1,Passenger_297,female,36.23374948650681,0,0,10.532361637725925,S
298,0,2,Passenger_298,female,2.5876630767836204,0,0,5.569765439669672,S
299,1,3,Passenger_299,male,,4,0,5.734487401877728,C
300,0,1,Passenger_300,male,25.594485997215376,0,0,10.743479801223998,C
301,0,3,Passenger_301,male,25.337533666458018,0,1,50.37644979104765,C
302,0,2,Passenger_302,female,12.162584436427323,1,0,75.5800481421685,S
303,0,3,Passenger_303,male,,0,0,118.15591473392085,S
304,1,1,Passenger_304,male,33.346367329637424,0,1,8.45896866388029,S
305,1,3,Passenger_305,male,,1,0,68.19632961155763,S
306,1,3,Passenger_306,female,18.741023247703737,0,0,12.732051445219636,S
307,0,3,Passenger_307,female,44.90625333304017,1,0,3.8313773888193383,S
308,0,3,Passenger_308,male,53.70340313978028,1,0,65.29320261377666,C
309,1,1,Passenger_309,female,22.688358484225212,4,0,32.348533072893474,S
310,0,3,Passenger_310,female,20.8235797012551,0,0,5.760042429117776,S
311,0,1,Passenger_311,male,36.82251114847394,0,4,17.978333520438415,S
312,0,1,Passenger_312,male,24.508573993668698,0,0,10.836331113184407,S
313,0,2,Passenger_313,male,27.678740590383104,0,0,42.71425421261858,S
314,1,3,Passenger_314,female,,1,0,19.33016639093044,C
315,1,3,Passenger_315,male,2.0143367311442546,0,2,145.14044808574548,S
316,1,3,Passenger_316,male,48.815383710363704,0,1,1.8016168912419095,C
317,0,2,Passenger_317,female,30.75386760277545,1,0,14.03291618863218,S
318,0,2,Passenger_318,male,,0,0,21.042794486570024,C
319,0,3,Passenger_319,female,28.40610476378899,0,0,22.38188834640939,S
320,0,2,Passenger_320,male,29.155225647797522,0,0,12.150513242863143,S
321,0,3,Passenger_321,male,4.597581100048583,1,0,41.80874813875603,S
322,1,1,Passenger_322,female,,0,0,66.47744556584453,C
323,1,3,Passenger_323,female,30.299221667923966,1,0,89.35329161324819,Q
324,0,3,Passenger_324,male,,0,2,52.32751009562971,S
325,1,1,Passenger_325,female,43.497471673323616,1,0,60.831854941393644,S
326,1,1,Passenger_326,female,14.893144365375646,1,2,25.591046725483096,Q
327,0,3,Passenger_327,male,36.56534253601081,0,0,55.93784989266938,S
328,0,3,Passenger_328,female,25.819204181967493,0,0,11.574179146812835,S
329,0,2,Passenger_329,male,41.97817624063916,0,0,16.265389951251723,S
330,0,3,Passenger_330,male,0.42,1,0,12.1962581933943,S
331,0,1,Passenger_331,male,28.2631326465016,0,0,20.158746468931838,C
332,1,2,Passenger_332,female,20.959100491132556,0,0,10.761078948039058,C
333,0,3,Passenger_333,female,35.96781278419525,0,0,104.31986685338109,S
334,0,2,Passenger_334,male,36.51564071683893,0,0,12.006235271101824,S
335,0,3,Passenger_335,male,,0,1,3.302084390455261,C
336,0,2,Passenger_336,male,19.37347896944737,0,0,23.944749569866985,S
337,1,2,Passenger_337,male,,0,0,1.8814102127608798,C
338,1,3,Passenger_338,female,16.69868770392948,1,0,3.7486176571984964,S
339,0,2,Passenger_339,female,41.90876358405584,0,2,7.9257225980708,S
340,0,3,Passenger_340,male,24.34649559351203,0,0,19.976793048842353,Q
341,0,1,Passenger_341,female,0.42,3,0,18.170836307365256,S
342,0,1,Passenger_342,male,24.26508017898381,1,0,51.45274905898308,S
343,0,1,Passenger_343,female,14.6411145977624,2,0,43.04176398631018,S
344,0,3,Passenger_344,female,6.04650067581629,0,3,17.781777779607573,S
345,0,2,Passenger_345,male,11.757313745772699,0,0,12.992690376646056,S
346,0,3,Passenger_346,male,,0,0,12.175454500447596,Q
347,1,3,Passenger_347,female,48.96529200959935,1,0,47.59035335388742,C
348,0,3,Passenger_348,male,34.24117487104221,0,0,1.7112690404669129,S
349,0,1,Passenger_349,male,20.905700870871776,0,2,0.4129458012439301,S
350,1,3,Passenger_350,male,36.31061082997519,0,0,50.79694087998384,S
351,0,3,Passenger_351,male,23.04319050182462,0,0,20.750519414348354,S
352,1,3,Passenger_352,male,,0,0,4.488812272003498,S
353,1,3,Passenger_353,female,12.961741310621726,0,0,8.59582408685816,C
354,0,3,Passenger_354,female,4.298482302100073,0,1,86.26195991117703,S
355,0,3,Passenger_355,male,24.04610625488804,0,0,62.802207016240246,C
356,1,1,Passenger_356,female,31.991775603841912,4,0,39.58826958191946,S
357,0,1,Passenger_357,male,28.2989567847841,1,2,21.06287804415698,S
358,0,3,Passenger_358,female,,2,0,23.50859595845126,S
359,1,3,Passenger_359,female,15.986682119896672,1,0,118.35868856741402,S
360,0,3,Passenger_360,male,38.51956977943205,0,0,107.98930541509357,S
361,0,3,Passenger_361,female,,0,3,7.757259309805186,Q
362,1,1,Passenger_362,male,40.952404750730395,0,0,53.329973692878895,S
363,0,1,Passenger_363,male,15.16785322556249,0,0,7.030489925364062,Q
364,0,3,Passenger_364,female,18.789689058380993,0,0,7.686726690967282,S
365,1,2,Passenger_365,male,8.431614736072682,0,0,36.0735663010037,Q
366,0,1,Passenger_366,male,,0,0,16.61426303372286,S
367,1,3,Passenger_367,male,43.84203064793069,0,0,85.81024073167693,Q
368,1,1,Passenger_368,female,,0,0,2.9831381671807615,S
369,0,3,Passenger_369,male,43.887120624406506,0,0,22.926985527671018,C
370,0,2,Passenger_370,male,,1,0,80.23732706727934,C
371,0,3,Passenger_371,female,13.696787486309645,0,1,75.02693607298454,S
372,0,2,Passenger_372,female,24.903556247250417,0,2,5.44736035728683,S
373,0,3,Passenger_373,male,18.38711262779679,0,0,14.614805339257595,S
374,1,1,Passenger_374,male,48.99333610856608,0,0,30.888786877555624,Q
375,0,1,Passenger_375,male,12.34656462681848,0,0,5.556264678987536,S
376,0,2,Passenger_376,male,42.65861649614211,0,0,110.16679976836973,S
377,1,3,Passenger_377,male,42.64783111657715,0,1,78.78909723798944,S
378,0,3,Passenger_378,female,56.22949292488326,0,0,5.8451785446885225,S
379,1,2,Passenger_379,female,23.759544406872287,2,0,4.132712270132081,C
380,0,3,Passenger_380,male,40.02867131391235,2,1,2.856887765903785,S
381,0,3,Passenger_381,male,62.78395162981322,0,0,76.85706000365555,S
382,1,3,Passenger_382,female,20.744195684461396,0,0,6.886557060383121,Q
383,1,1,Passenger_383,male,7.4419164107807845,1,0,17.226953809750107,S
384,1,3,Passenger_384,female,2.439854508337426,0,0,19.06402407675591,S
385,1,1,Passenger_385,male,,0,0,29.242284599506128,S
386,1,2,Passenger_386,male,,0,1,2.3820287016803157,S
387,0,3,Passenger_387,female,24.30137373240012,2,1,8.229248379849082,S
388,0,1,Passenger_388,male,36.04104121206493,0,0,85.784998611529,C
389,1,3,Passenger_389,female,,0,2,76.4938993520012,S
390,1,3,Passenger_390,male,35.868950530670496,1,0,48.64037080711082,S
391,1,3,Passenger_391,male,32.92320290911238,0,1,0.6269414408670498,S
392,0,3,Passenger_392,female,48.2435542930442,0,0,12.672640210839338,S
393,0,1,Passenger_393,male,15.891412479287442,4,2,31.640016139626233,C
394,1,2,Passenger_394,female,,0,2,10.29907262774435,S
395,0,3,Passenger_395,male,18.49643804357305,0,0,76.90764300176183,S
396,1,1,Passenger_396,male,41.73778127200785,0,2,32.15423917847769,S
397,1,2,Passenger_397,female,42.75577953172842,0,1,2.3879369956673924,S
398,0,1,Passenger_398,male,36.24276713011837,0,1,76.70263008410463,S
399,1,1,Passenger_399,male,46.86065816990396,0,0,101.26544893717157,S
400,1,2,Passenger_400,male,12.61840742304248,0,1,2.5887421894883778,S
401,0,1,Passenger_401,male,53.87474961749149,1,1,24.32182438625247,C
402,1,3,Passenger_402,male,51.78696001482774,0,0,11.567764733089346,S
403,0,3,Passenger_403,female,40.36651896006333,0,2,15.966765125700086,C
404,1,3,Passenger_404,female,55.53608417718037,0,0,6.336821926401165,C
405,0,1,Passenger_405,female,,1,0,27.613466796585893,S
406,1,1,Passenger_406,female,,0,0,101.42701414966662,S
407,0,1,Passenger_407,female,19.03809982011169,0,0,22.37796289795337,S
408,0,3,Passenger_408,female,40.161450194481475,0,0,2.769749152106422,S
409,1,3,Passenger_409,male,14.472959275768888,0,0,30.962801133405996,S
410,0,1,Passenger_410,female,40.68367966539354,0,2,13.30730788586929,S
411,0,3,Passenger_411,female,49.57277408795234,1,0,61.997523122596235,S
412,1,1,Passenger_412,male,39.78044205121799,0,0,18.251521952854326,S
413,1,3,Passenger_413,male,33.81438984309177,0,0,6.8554521823529,S
414,0,3,Passenger_414,male,15.375836556939136,0,0,6.786781760514245,S
415,1,3,Passenger_415,male,,1,2,46.85815124823442,S
416,0,3,Passenger_416,female,47.819474126801666,0,0,9.87790569542572,S
417,0,3,Passenger_417,male,41.00056055662732,0,1,46.64700861168968,S
418,0,2,Passenger_418,male,29.13421696902561,0,0,7.376956858204502,S
419,1,3,Passenger_419,female,23.640311586394585,0,0,12.420656478843966,S
420,1,1,Passenger_420,male,0.42,0,0,20.044773614567085,S
421,1,3,Passenger_421,male,14.172639929075636,0,0,91.78066838870875,S
422,1,3,Passenger_422,male,,0,0,85.89778294937781,S
423,0,3,Passenger_423,female,11.133394220464233,0,0,7.4166560301874345,C
424,0,3,Passenger_424,female,32.44745740770567,0,0,14.192263015876646,C
425,0,3,Passenger_425,male,,0,1,5.178002470534795,S
426,0,3,Passenger_426,female,,0,0,22.8262220147344,S
427,0,3,Passenger_427,male,32.37830188432571,1,0,19.752496618479586,S
428,1,1,Passenger_428,female,,4,0,73.92690422745622,C
429,0,1,Passenger_429,female,29.88124016765513,4,0,85.09877969506452,S
430,0,2,Passenger_430,female,71.29184430716813,1,1,15.481800787556471,Q
431,0,1,Passenger_431,male,5.505310746266169,0,0,21.656259334878296,S
432,1,3,Passenger_432,female,45.051563683316246,1,0,72.50043488970356,S
433,0,1,Passenger_433,female,27.194374807751267,0,2,52.593673133951555,Q
434,0,3,Passenger_434,male,40.89284224513179,0,0,0.11721638364975533,S
435,0,2,Passenger_435,female,,0,0,12.344002529158988,S
436,1,1,Passenger_436,male,19.069235141905047,0,0,17.5293088538427,S
437,0,3,Passenger_437,female,33.02044769066043,1,0,8.351883816034764,S
438,1,3,Passenger_438,male,2.7604289547248335,0,1,7.123462864078642,S
439,1,3,Passenger_439,female,38.447088758285204,0,1,1.2325391290926795,S
440,0,3,Passenger_440,male,34.02329775686262,2,3,32.99378170578805,C
441,0,3,Passenger_441,male,,0,0,9.744100610016694,S
442,1,1,Passenger_442,male,,0,0,1.7205461048549822,Q
443,0,3,Passenger_443,male,35.0304876830408,2,0,8.404396974514459,S
444,0,3,Passenger_444,male,31.847296587075004,0,0,51.80972035376406,S
445,1,3,Passenger_445,male,,0,0,61.02711912089191,S
446,1,1,Passenger_446,male,19.37279892708876,0,0,21.114897488631186,S
447,1,3,Passenger_447,male,46.9076519925713,0,0,17.2152100624034,S
448,1,1,Passenger_448,male,50.52686338273669,1,0,121.92270546916303,Q
449,0,1,Passenger_449,female,26.247398673475217,0,1,7.163188000341512,S
450,0,2,Passenger_450,male,,0,1,7.760939236309091,S
451,1,3,Passenger_451,female,16.58309156259039,0,0,11.043955194487598,S
452,0,3,Passenger_452,female,46.70497425637795,0,0,6.069029719565573,S
453,0,3,Passenger_453,female,39.34854394353079,4,0,15.264419052215432,C
454,1,3,Passenger_454,male,57.847652828724364,0,1,77.35225675774096,S
455,0,2,Passenger_455,female,,0,0,30.573306727439732,S
456,0,2,Passenger_456,male,24.21888546423585,0,0,16.989997807819613,S
457,0,2,Passenger_457,male,33.055965876620796,1,0,87.1790127348041,S
458,0,3,Passenger_458,male,39.074098297023674,2,0,1.589696072981969,S
459,0,1,Passenger_459,female,26.57281925555933,0,0,7.5543035815530875,S
460,0,3,Passenger_460,male,17.042064188421342,0,1,26.702531441390928,S
461,0,3,Passenger_461,male,42.48040916939178,0,0,30.590347544431456,S
462,1,2,Passenger_462,female,40.15646275691093,1,0,1.2915574416709628,S
463,1,3,Passenger_463,female,16.414025541825985,0,0,16.50889884206324,Q
464,0,3,Passenger_464,male,49.35392061602968,1,0,33.51704953572734,C
465,1,3,Passenger_465,male,46.66788128335075,0,1,38.32198036024441,S
466,0,3,Passenger_466,female,31.647299210092996,1,0,32.52792361263881,S
467,0,2,Passenger_467,male,,0,1,12.367715044385264,S
468,1,2,Passenger_468,male,37.73383768118065,0,0,3.141966344292188,S
469,0,3,Passenger_469,male,17.205305481284256,0,0,17.826106339033995,C
470,1,3,Passenger_470,female,30.13545644787919,0,0,4.410605120823854,S
471,0,1,Passenger_471,female,0.42,1,0,94.37760921911313,C
472,1,3,Passenger_472,female,42.40860685979256,1,0,20.62984091054521,Q
473,0,3,Passenger_473,female,7.058348274593037,0,0,12.212478594483837,S
474,1,3,Passenger_474,male,51.49958751222049,0,0,46.51950265173652,S
475,0,1,Passenger_475,male,24.91325863748647,0,0,22.049688298203204,S
476,1,3,Passenger_476,male,26.630828761997932,1,1,11.875615768626853,S
477,0,3,Passenger_477,male,20.59785836177467,0,2,53.47653593098309,S
478,0,1,Passenger_478,male,25.52343632812989,0,0,64.59362553948525,S
479,1,1,Passenger_479,female,50.26870450464653,0,2,35.770242616210936,C
480,0,3,Passenger_480,male,0.42,0,0,1.539297402199967,S
481,1,1,Passenger_481,female,48.21599809827872,0,0,26.734559528872904,S
482,1,3,Passenger_482,male,34.601340475974766,0,1,46.110088547767546,S
483,0,3,Passenger_483,male,12.198186106070374,0,0,4.696475828095583,S
484,1,2,Passenger_484,male,14.10797030078605,5,0,8.308478578213268,S
485,0,3,Passenger_485,male,,0,0,68.52080919267365,C
486,1,2,Passenger_486,female,15.990150240830397,0,1,0.6504614721358257,S
487,0,3,Passenger_487,male,12.976417596358587,0,1,44.71241110188476,S
488,0,2,Passenger_488,male,46.19106086428857,1,0,20.544741000805562,S
489,1,3,Passenger_489,male,,0,0,18.943531295382652,S
490,1,1,Passenger_490,male,16.100079140222213,0,0,0.22789864474370264,C
491,0,2,Passenger_491,male,32.841062143366976,0,0,54.76674696749887,S
492,1,3,Passenger_492,female,,0,0,14.27243351336728,C
493,0,2,Passenger_493,female,45.661910277127774,0,1,24.902226945559182,S
494,0,3,Passenger_494,male,45.08987899066044,1,0,36.19309781696291,S
495,0,2,Passenger_495,female,,1,0,38.808854397701786,S
496,0,3,Passenger_496,male,34.94408538808174,0,0,99.93960125547109,S
497,0,1,Passenger_497,male,55.23722781057692,0,0,24.25208385122632,S
498,0,3,Passenger_498,male,29.695451747129265,2,2,16.3314661736881,C
499,1,3,Passenger_499,male,12.562825181398381,0,0,98.32613270119684,S
500,1,1,Passenger_500,male,,1,0,32.880968290046326,S
501,1,1,Passenger_501,male,,0,0,11.32915458005948,S
502,0,1,Passenger_502,male,,2,0,4.326598965750673,S
503,0,3,Passenger_503,male,,1,0,59.157629492839646,S
504,1,2,Passenger_504,male,35.738467552471064,3,0,14.390453761090734,S
505,1,3,Passenger_505,female,28.91837968941678,0,0,34.56614879980444,S
506,0,2,Passenger_506,male,15.456598084528938,0,0,20.36543596771813,S
507,1,2,Passenger_507,male,45.96693891534183,2,0,7.09781344262653,S
508,1,3,Passenger_508,male,,0,0,29.45651737664617,S
509,1,3,Passenger_509,male,32.543906155846656,0,2,2.0032747829286732,S
510,1,1,Passenger_510,male,16.591009798827997,1,0,17.06604916280568,S
511,0,1,Passenger_511,male,7.240072386724613,1,0,25.312431735884818,Q
512,0,1,Passenger_512,male,33.44065172770712,2,0,18.32909818870269,S
513,1,3,Passenger_513,male,45.70622147808574,0,0,44.19190775445574,S
514,1,3,Passenger_514,male,36.58993232418303,1,0,56.314386769327655,S
515,0,3,Passenger_515,male,29.66514430667662,1,0,47.20304953069668,S
516,0,3,Passenger_516,male,21.15556104905506,0,0,1.2667598616457258,C
517,0,3,Passenger_517,male,13.863627325587698,0,0,6.906602049938329,S
518,1,3,Passenger_518,male,41.80389423171079,0,0,24.613787898485214,Q
519,1,3,Passenger_519,female,42.94968851009099,0,1,87.38028514610356,C
520,0,1,Passenger_520,male,7.286918092984369,5,0,57.64953184026986,S
521,0,1,Passenger_521,male,52.75266518361991,0,0,59.15356625180359,S
522,0,2,Passenger_522,male,38.02403270296302,1,0,11.5605956044786,S
523,1,1,Passenger_523,female,49.99412235461401,4,0,17.956825130530717,S
524,1,3,Passenger_524,male,10.23914764696583,0,0,20.35875636391678,S
525,1,3,Passenger_525,male,9.895549746476135,1,1,5.479334561514442,S
526,0,1,Passenger_526,male,,0,0,1.0099513412167773,S
527,0,1,Passenger_527,male,36.990374189980315,1,1,93.94025459204148,S
528,0,3,Passenger_528,male,55.74723193244097,0,0,8.8119967440209,S
529,0,3,Passenger_529,male,39.93814425031941,3,0,8.779827712612342,C
530,1,2,Passenger_530,female,,0,0,2.7859601623093573,S
531,1,3,Passenger_531,male,14.817646488844563,0,2,84.42132012652874,C
532,1,1,Passenger_532,female,47.53500830442768,1,0,27.739995094364236,S
533,1,1,Passenger_533,female,15.711771326614635,0,0,35.19115126993677,S
534,0,3,Passenger_534,male,53.31279404419867,0,0,77.61990039078306,S
535,1,3,Passenger_535,male,25.576422580705614,0,0,13.57015406771124,S
536,1,1,Passenger_536,male,52.76344005295883,1,0,31.089872716030655,S
537,1,3,Passenger_537,male,39.54450370585953,0,2,1.266310650827006,S
538,0,3,Passenger_538,male,,0,3,6.615821295854952,C
539,0,3,Passenger_539,female,22.168752608521164,0,0,56.937986905990535,S
540,0,3,Passenger_540,female,,0,2,46.583140495342626,S
541,1,3,Passenger_541,male,35.91059203944094,0,0,13.816709162308088,C
542,0,3,Passenger_542,male,30.818769195156893,0,0,15.132954819967505,S
543,0,3,Passenger_543,female,,0,0,24.403646416168865,S
544,1,1,Passenger_544,female,,0,0,0.00771307940578028,S
545,0,1,Passenger_545,female,,0,3,8.834415096864628,C
546,0,2,Passenger_546,male,0.42,1,0,7.47157176466341,S
547,0,3,Passenger_547,male,36.34343766443613,0,0,9.226438683609198,S
548,1,1,Passenger_548,male,15.494042241606302,0,0,52.46118047667755,S
549,0,3,Passenger_549,male,,0,0,10.497638160522419,C
550,1,3,Passenger_550,male,,0,0,6.803231125412182,S
551,0,1,Passenger_551,male,,1,4,22.45474125862939,Q
552,1,3,Passenger_552,female,,0,1,64.23263997145582,S
553,0,2,Passenger_553,male,19.419196114357888,0,1,8.838859220160739,C
554,0,3,Passenger_554,male,58.02225749413524,0,0,2.6173386515315475,S
555,1,1,Passenger_555,male,22.07474469951954,1,0,14.10192711248729,S
556,0,3,Passenger_556,male,,0,0,44.06225588854852,C
557,0,3,Passenger_557,male,35.506980104341764,0,0,25.60138939526983,S
558,0,3,Passenger_558,male,31.600445200129805,0,0,54.30850032375261,S
559,1,3,Passenger_559,female,28.577069819473092,4,0,102.67939669739542,S
560,1,3,Passenger_560,male,12.368240427810953,0,0,50.34903252869668,S
561,1,3,Passenger_561,male,,0,0,29.62700530179615,S
562,0,3,Passenger_562,male,55.904351332749336,1,0,21.757383876841274,S
563,0,3,Passenger_563,female,5.301448935221057,1,0,1.308606785790951,S
564,0,1,Passenger_564,female,14.851585432147496,0,0,132.97585510076257,S
565,0,3,Passenger_565,female,25.64275003553341,1,2,15.477322768969525,S
566,0,3,Passenger_566,male,15.714201973802226,1,0,5.284601587025721,S
567,0,3,Passenger_567,male,37.03650052511004,0,1,35.15964361176499,S
568,0,1,Passenger_568,male,19.140053065104112,0,0,10.703290608114463,S
569,1,3,Passenger_569,male,61.09331298319573,0,0,28.203323874112165,S
570,0,2,Passenger_570,female,46.96295461798214,4,0,28.279868076388656,Q
571,0,3,Passenger_571,male,32.78232344416711,1,1,18.883296742879672,S
572,1,1,Passenger_572,female,44.59130081813612,0,1,57.875596107493806,C
573,0,3,Passenger_573,female,,1,0,9.850878930020656,C
574,1,3,Passenger_574,male,21.522761423155472,0,0,19.051324453499358,C
575,1,1,Passenger_575,female,17.864849954141512,0,0,24.688775088232934,S
576,1,3,Passenger_576,male,30.833074413059887,0,0,34.86489087398992,C
577,0,2,Passenger_577,male,42.19372380522019,0,2,49.03508985778334,C
578,1,3,Passenger_578,male,31.716375780474557,1,0,16.07066659128047,S
579,0,3,Passenger_579,male,,0,0,33.23491152269652,S
580,0,3,Passenger_580,male,18.059045562712786,1,0,5.223614600047075,S
581,0,3,Passenger_581,male,,0,0,86.33037355965354,S
582,1,3,Passenger_582,male,28.602848737275462,0,0,15.455410235641521,S
583,0,2,Passenger_583,male,,4,0,41.84199609054512,S
584,0,2,Passenger_584,male,9.603174835214528,0,0,0.657625940331702,S
585,1,3,Passenger_585,male,37.03104400662018,0,0,7.348754941406918,S
586,0,3,Passenger_586,male,51.2921400707602,0,0,21.36449125990948,S
587,0,3,Passenger_587,male,62.636021308630546,1,1,67.38578515435827,S
588,0,3,Passenger_588,female,23.83623736383256,0,0,23.974382883379437,C
589,0,2,Passenger_589,female,36.825727064442894,0,0,85.0371677951261,S
590,0,3,Passenger_590,female,37.96152517938038,0,0,21.160159349488634,S
591,0,1,Passenger_591,female,,0,0,21.575216737244943,S
592,1,3,Passenger_592,male,28.26674458203006,1,0,4.081461521884561,S
593,0,1,Passenger_593,female,,0,0,51.929859755674094,C
594,0,2,Passenger_594,male,0.42,0,0,9.076611816270777,Q
595,1,2,Passenger_595,male,39.590007605908156,0,3,73.55895921923027,S
596,0,2,Passenger_596,female,31.529579603098522,0,0,77.34866574829903,Q
597,1,3,Passenger_597,male,26.47411399671515,2,0,91.8451015707194,S
598,0,2,Passenger_598,female,59.37950183793359,0,0,23.502383233205705,S
599,0,2,Passenger_599,female,,5,0,36.172587305218606,S
600,0,1,Passenger_600,female,23.85539815855705,0,0,48.23694033112578,C
601,0,2,Passenger_601,female,58.57752288196865,0,1,4.493727239706464,S
602,0,1,Passenger_602,male,17.635111079677078,1,0,29.397970788429127,S
603,0,1,Passenger_603,male,21.723328397420186,0,0,1.1167961207311339,C
604,0,3,Passenger_604,male,27.568131360252675,1,0,22.025317021705558,S
605,0,3,Passenger_605,male,41.890649990878465,5,0,5.383439787395999,S
606,0,3,Passenger_606,male,32.713136356623046,0,0,6.464699222526899,C
607,0,3,Passenger_607,female,10.95693246629219,0,0,14.534566114320905,S
608,0,2,Passenger_608,female,21.983555834655753,1,0,18.124922122023644,S
609,0,3,Passenger_609,male,,0,0,31.23096178101462,S
610,1,3,Passenger_610,male,28.58029484426584,0,0,2.4750018014388195,S
611,0,3,Passenger_611,male,35.87473305013252,0,3,22.4178590770782,S
612,1,1,Passenger_612,male,35.7639834603756,0,0,6.453038478594769,S
613,1,2,Passenger_613,female,,1,1,27.304245114793208,S
614,0,2,Passenger_614,male,45.127144319632414,0,1,32.46296642279857,S
615,1,2,Passenger_615,male,33.36224826695104,0,0,26.03294139077341,C
616,1,3,Passenger_616,male,49.77571469011164,0,0,42.897258059866346,Q
617,0,3,Passenger_617,male,36.140875745714744,0,0,13.084314080243706,S
618,0,3,Passenger_618,male,,0,0,46.35595037295117,S
619,1,3,Passenger_619,male,36.46490701602684,1,0,18.143528606964896,C
620,1,3,Passenger_620,male,49.22027346493985,0,1,21.18419623447419,S
621,0,3,Passenger_621,male,37.272634222257786,1,2,33.421256951857146,S
622,0,3,Passenger_622,male,28.28022892657789,1,0,0.5929276926500479,Q
623,0,1,Passenger_623,female,,0,0,33.96159369492244,C
624,0,1,Passenger_624,male,42.59103827305843,0,0,30.843764756488156,C
625,0,1,Passenger_625,male,,0,1,11.866948352353258,S
626,0,3,Passenger_626,male,11.193585960194127,0,0,2.870389172056771,S
627,0,3,Passenger_627,female,11.019539546778702,1,0,3.0508536041289753,S
628,1,2,Passenger_628,male,33.94437449105688,1,0,82.13951654973535,S
629,0,3,Passenger_629,female,31.81005736763949,0,0,37.403549099558845,S
630,0,1,Passenger_630,male,20.795222807379414,0,2,4.349992691146359,S
631,1,3,Passenger_631,male,31.74424914437487,2,0,14.117763761591046,C
632,1,2,Passenger_632,male,52.735090456632136,4,0,28.725523661286026,C
633,0,1,Passenger_633,male,39.78333588097933,0,2,57.76898243248339,S
634,0,3,Passenger_634,female,13.155376608585293,0,0,1.4285680555308624,C
635,0,2,Passenger_635,male,,0,0,8.64052926383769,C
636,0,2,Passenger_636,male,18.027986027637866,3,0,70.55985940411425,S
637,0,2,Passenger_637,male,24.078351212075862,0,0,0.29464999276751636,S
638,0,3,Passenger_638,male,23.70257284837018,0,0,7.196606748157678,S
639,0,3,Passenger_639,male,22.774139052241924,0,0,102.23273741029199,S
640,0,2,Passenger_640,male,11.500537106385774,0,0,30.41182363299804,S
641,0,3,Passenger_641,female,,0,0,9.707720026888463,S
642,0,3,Passenger_642,male,21.571189265714004,5,1,2.218897057684441,S
643,0,2,Passenger_643,male,0.42,0,1,0.9150830787716606,S
644,0,2,Passenger_644,female,59.46809435527411,0,0,8.98239820341248,C
645,0,1,Passenger_645,male,,0,0,68.24712510879931,S
646,1,1,Passenger_646,female,24.243639488587554,0,0,17.206606555285816,C
647,0,3,Passenger_647,male,29.972876221238675,0,0,40.77302365789967,S
648,1,1,Passenger_648,female,12.711011963895352,0,1,80.14458010895795,S
649,1,3,Passenger_649,male,,0,0,16.77814379955103,Q
650,0,3,Passenger_650,female,57.210686074210116,0,0,6.793576875896207,S
651,0,1,Passenger_651,female,31.972059059574605,0,0,23.295450189027548,S
652,0,3,Passenger_652,male,44.5411943406875,0,0,76.38005625162702,C
653,0,2,Passenger_653,female,32.24165829454189,4,0,52.20968713180634,S
654,1,3,Passenger_654,male,10.317481136299005,3,0,2.1790936573692052,S
655,0,3,Passenger_655,male,23.72856115002697,0,3,37.74454297550805,S
656,0,3,Passenger_656,male,,0,1,27.148565713691212,C
657,0,3,Passenger_657,male,23.10905807822006,1,0,76.16475584415409,S
658,0,1,Passenger_658,male,26.529527477191976,0,0,4.181028687608801,S
659,1,3,Passenger_659,male,28.37470641611784,1,2,24.436708608217746,S
660,0,3,Passenger_660,male,,3,0,67.70547124976432,S
661,0,3,Passenger_661,female,,0,0,16.88553790100906,C
662,1,3,Passenger_662,female,14.321226537249286,0,0,21.048647214216746,S
663,0,3,Passenger_663,male,19.303265837644922,4,1,2.3381173725566122,S
664,0,1,Passenger_664,male,11.073528147350444,0,0,10.429731451912597,S
665,0,1,Passenger_665,male,43.8783254704499,0,0,12.553982878708386,C
666,0,3,Passenger_666,male,0.42,0,1,92.88482932950448,S
667,0,2,Passenger_667,male,46.427059978095414,0,2,10.630899637318219,C
668,0,3,Passenger_668,male,49.80206626031123,1,2,19.769478524804786,C
669,0,3,Passenger_669,male,25.31838148875199,1,0,35.6039441970612,S
670,0,2,Passenger_670,female,0.42,5,0,5.662592765890658,S
671,0,1,Passenger_671,male,,0,0,21.324577903807153,S
672,1,3,Passenger_672,male,28.76932966131212,0,0,42.92704950915023,C
673,0,2,Passenger_673,male,15.046325811030755,0,0,64.52217980879983,S
674,0,3,Passenger_674,male,22.229333289780477,0,0,31.494175031534315,S
675,0,2,Passenger_675,male,51.88783038351859,0,1,35.3855550198729,C
676,1,3,Passenger_676,male,39.341443853375246,4,0,4.319977448883001,S
677,0,1,Passenger_677,male,16.293820341517552,1,0,93.26850670034302,S
678,0,3,Passenger_678,male,6.534812040866232,0,0,4.551205207045367,S
679,1,3,Passenger_679,female,24.95824889465832,0,0,47.68647423117937,S
680,1,3,Passenger_680,female,26.604876699418647,0,0,9.844317076712516,C
681,1,1,Passenger_681,male,36.89488821676809,0,0,86.78255905021335,S
682,0,3,Passenger_682,male,,1,0,40.730277888015145,S
683,0,3,Passenger_683,male,,0,0,44.85333649005293,C
684,1,1,Passenger_684,male,57.75973358087332,5,0,7.912188728784505,S
685,1,1,Passenger_685,male,41.52476482544181,0,0,18.728378014987197,Q
686,0,1,Passenger_686,male,29.002716643703796,0,1,30.779064656217844,Q
687,0,3,Passenger_687,male,27.044318169727227,1,0,47.02596074199418,S
688,0,3,Passenger_688,male,24.528239554391867,0,0,3.5126248848483708,S
689,1,3,Passenger_689,male,46.8192932305561,0,1,104.95453500952821,S
690,0,1,Passenger_690,female,20.603955033706107,0,0,70.69705676946853,S
691,0,2,Passenger_691,female,30.355729280499748,0,3,10.086028163715136,S
692,0,3,Passenger_692,female,30.442369577275738,1,1,55.36806092340961,S
693,0,3,Passenger_693,male,22.424129204232784,0,0,23.375469771296473,S
694,0,3,Passenger_694,female,9.799249555680536,1,3,19.82518668153377,C
695,0,1,Passenger_695,male,34.38313030245619,0,0,12.080341083793876,S
696,0,3,Passenger_696,female,,0,0,27.833900468180513,S
697,0,2,Passenger_697,male,36.95348680683026,1,0,41.88552733170785,S
698,0,2,Passenger_698,female,21.96279555663208,0,0,16.934886026956967,Q
699,0,3,Passenger_699,male,47.40190883278919,0,2,31.748614646707978,S
700,0,3,Passenger_700,female,16.986780172428247,0,0,38.45392512526897,C
701,0,3,Passenger_701,female,54.52458411825944,0,0,39.73600614062552,S
702,0,1,Passenger_702,male,4.359270607490206,0,0,1.7076805088493265,S
703,0,1,Passenger_703,male,36.00416593607492,0,0,62.858018846798444,S
704,0,3,Passenger_704,female,36.59374489663604,0,0,19.614616230697692,S
705,0,3,Passenger_705,male,,0,0,9.740013110749295,S
706,1,2,Passenger_706,female,,4,1,8.856360494125743,S
707,0,1,Passenger_707,male,48.2530207115223,0,0,21.11167047733751,S
708,1,1,Passenger_708,male,0.42,1,1,69.72408861603188,Q
709,0,3,Passenger_709,male,36.989799708616815,0,0,15.211972973815676,S
710,1,1,Passenger_710,male,,0,1,44.326334385055276,Q
711,1,2,Passenger_711,female,15.697860348913483,1,0,3.2586241546548456,S
712,0,1,Passenger_712,male,,0,0,20.68389794330215,S
713,0,2,Passenger_713,male,21.264160515815217,1,0,153.27460238716054,S
714,0,1,Passenger_714,male,12.678740516069897,0,1,47.09060078081616,S
715,0,3,Passenger_715,male,26.829902929722113,0,0,7.564528962969399,S
716,1,1,Passenger_716,female,,0,2,22.27309733289651,S
717,1,3,Passenger_717,female,3.140607415512619,0,0,8.514667663920877,S
718,1,1,Passenger_718,male,14.456006281229504,1,0,16.860442488792167,C
719,0,3,Passenger_719,female,51.412759406104584,0,0,48.46431141280427,S
720,1,3,Passenger_720,female,56.636683981297125,4,2,47.20049548145967,C
721,1,3,Passenger_721,male,28.200247247790884,3,0,8.284824339223253,S
722,0,3,Passenger_722,female,11.733735813363683,0,1,81.72523558197479,S
723,0,2,Passenger_723,male,60.089730776232805,0,1,28.732213759008115,S
724,1,2,Passenger_724,male,52.81941468036335,1,0,15.293238305484625,S
725,0,3,Passenger_725,female,39.54473132255238,4,0,22.30482734276821,S
726,1,3,Passenger_726,male,17.920165940407408,0,0,29.729597401694484,S
727,0,3,Passenger_727,female,28.98907455784847,0,0,26.263417336117275,S
728,1,3,Passenger_728,female,,0,1,21.32225059351422,S
729,0,3,Passenger_729,male,,1,0,22.497976841990653,S
730,0,3,Passenger_730,female,50.73952085290438,0,0,6.210712491390487,S
731,0,1,Passenger_731,male,42.45154709649235,1,1,53.607019583324146,S
732,1,3,Passenger_732,male,14.078046883721004,0,0,24.971613211054628,Q
733,1,3,Passenger_733,male,49.6591985252833,0,0,4.496129876343474,C
734,0,1,Passenger_734,female,34.24041603019075,0,0,46.49938442823841,S
735,0,3,Passenger_735,male,39.662454039954284,0,0,86.2335384114083,C
736,1,1,Passenger_736,male,50.96484245953974,0,0,94.18466391415525,C
737,0,3,Passenger_737,female,,0,1,14.735280605239135,S
738,1,1,Passenger_738,female,29.180529108756286,0,0,4.659951754821636,S
739,0,3,Passenger_739,female,,0,0,23.380499511176232,Q
740,0,3,Passenger_740,male,,0,0,3.823034896960666,S
741,0,2,Passenger_741,male,34.72729467527134,4,0,86.9731176488424,C
742,0,3,Passenger_742,male,66.11756999797414,0,0,6.490428611639524,S
743,1,3,Passenger_743,female,3.0188727046665846,0,2,9.32405447896873,S
744,0,3,Passenger_744,male,29.23193113978268,0,0,16.7023401046201,S
745,0,1,Passenger_745,male,38.987872558584215,5,0,15.460891273433223,S
746,1,2,Passenger_746,female,31.484633924014627,0,0,50.6592711394095,C
747,0,1,Passenger_747,male,,1,0,19.50043496000715,Q
748,0,3,Passenger_748,female,10.861362730035548,1,0,5.9921798815660345,S
749,1,3,Passenger_749,female,33.075407772632374,0,0,9.948671020124351,S
750,1,3,Passenger_750,female,18.726922333269066,0,0,22.76934735736125,C
751,0,3,Passenger_751,male,,0,0,5.1048964953698315,S
752,1,3,Passenger_752,male,47.021587197449094,0,0,30.26761276779185,S
753,1,3,Passenger_753,female,43.596594387709615,0,0,26.692117483190213,S
754,0,1,Passenger_754,female,30.449084164340658,1,2,40.135108477000166,C
755,0,3,Passenger_755,female,33.021582978982686,0,0,88.82777405020603,C
756,1,1,Passenger_756,male,45.27761118437564,1,0,77.86609268313062,S
757,1,3,Passenger_757,female,32.9529250232822,0,0,93.44552154914057,S
758,0,3,Passenger_758,female,42.80825454403906,1,0,8.98114905536478,Q
759,1,3,Passenger_759,female,25.386508087329172,0,0,4.514012508066221,S
760,1,1,Passenger_760,female,48.723764209322226,0,0,11.517845563645464,S
761,0,2,Passenger_761,female,34.35139302602391,0,0,72.14740567050788,S
762,0,2,Passenger_762,male,32.51375318228517,3,0,114.47879688950955,C
763,0,2,Passenger_763,male,11.284114213675533,0,0,62.76168530698376,S
764,1,1,Passenger_764,male,33.86085988737477,0,0,3.7297192906703405,S
765,0,3,Passenger_765,male,17.636653696330455,0,0,94.2582906706134,S
766,0,3,Passenger_766,male,20.444900465336836,0,0,17.61707849826856,S
767,1,2,Passenger_767,male,17.877053389416243,0,0,0.2993248775023454,S
768,1,2,Passenger_768,male,14.239593487461237,0,0,18.691270216154912,S
769,0,2,Passenger_769,male,60.50918534374594,0,0,1.5092516820277548,S
770,1,3,Passenger_770,male,49.00441639883184,0,0,25.119833233457623,S
771,0,3,Passenger_771,female,57.54532878109178,0,1,13.226463132567206,S
772,1,3,Passenger_772,female,11.968022216444322,0,0,20.524171908049926,S
773,0,3,Passenger_773,male,30.73317937370794,1,0,30.39266852835737,Q
774,0,3,Passenger_774,female,10.94413943454061,0,0,64.99330415286401,C
775,1,3,Passenger_775,male,19.61242428064257,0,3,34.70138342456931,S
776,0,1,Passenger_776,male,16.387158740459665,0,0,18.21592142636574,C
777,0,3,Passenger_777,male,,4,0,54.771996109176705,S
778,1,1,Passenger_778,male,23.95466966752448,3,0,75.5208000994255,Q
779,1,3,Passenger_779,female,45.19150033856324,1,0,4.081940585140816,S
780,1,2,Passenger_780,female,38.45975289903351,0,0,24.292601054746605,S
781,1,3,Passenger_781,male,63.10276190551944,0,0,10.713292651163972,S
782,0,3,Passenger_782,male,8.248058764474003,0,2,1.5425469894479207,S
783,0,3,Passenger_783,male,,0,2,35.336586859209135,Q
784,0,3,Passenger_784,male,46.32339262081055,0,0,63.5552830108893,S
785,0,2,Passenger_785,male,15.586006848607997,1,0,5.69007719554967,S
786,1,1,Passenger_786,male,44.30343337886082,1,2,53.5525135005873,S
787,0,2,Passenger_787,female,34.57410196388032,1,0,61.44058839051801,S
788,0,1,Passenger_788,female,26.401594230675585,0,0,78.63598318475069,S
789,0,3,Passenger_789,male,,1,0,9.864727402250466,S
790,1,2,Passenger_790,female,19.272912953986804,0,0,74.97338568694617,Q
791,0,3,Passenger_791,male,59.422275388895926,0,0,12.372403052800125,S
792,0,3,Passenger_792,male,,1,0,25.71893842116991,S
793,0,3,Passenger_793,male,41.040885022206155,0,0,1.6584837419480554,Q
794,0,1,Passenger_794,male,18.23195896582048,0,0,1.4359356516585362,S
795,0,3,Passenger_795,female,18.39213227978624,0,0,40.77758296104756,S
796,1,3,Passenger_796,male,45.388779734124164,1,0,18.811220073846204,S
797,1,3,Passenger_797,male,,1,1,9.475433569017401,C
798,0,3,Passenger_798,male,,0,0,6.759412818531988,S
799,1,3,Passenger_799,male,30.193397460547363,1,0,35.47269432518461,Q
800,1,1,Passenger_800,female,31.31490272668076,0,2,0.012851989303355186,C
801,1,3,Passenger_801,male,27.103147367265734,0,2,52.45876139807589,S
802,0,2,Passenger_802,male,35.439386825890885,1,0,2.642121468356402,S
803,0,1,Passenger_803,male,39.746408459358264,1,0,6.801976165105722,S
804,0,2,Passenger_804,male,40.352244409160285,5,0,15.620653875209133,S
805,0,1,Passenger_805,male,15.405844774316513,0,1,21.22605197171622,C
806,1,1,Passenger_806,female,25.57975108003244,0,2,14.03191647467358,Q
807,1,1,Passenger_807,male,47.0240614972156,0,1,12.374730594011044,S
808,1,3,Passenger_808,female,,2,0,106.30099391275029,S
809,0,3,Passenger_809,female,9.793537953524574,0,0,32.83356500893015,S
810,0,3,Passenger_810,female,34.79645855510692,1,0,0.7587799335792005,S
811,1,2,Passenger_811,male,1.0157338840652521,0,0,17.997682466867925,S
812,1,2,Passenger_812,male,30.380556079875358,0,0,66.54435654571672,S
813,0,3,Passenger_813,male,57.21762174281666,0,0,11.480236063971434,S
814,1,2,Passenger_814,female,15.955555599599698,0,0,3.1785673163348838,S
815,1,1,Passenger_815,male,,0,0,45.45308106909421,S
816,0,3,Passenger_816,male,,1,0,29.806063255590498,C
817,0,1,Passenger_817,male,7.329378029460134,0,0,27.030307100849775,C
818,0,3,Passenger_818,male,,0,0,1.7620863574304582,S
819,0,3,Passenger_819,male,38.348396494935415,0,0,4.844905666864868,S
820,0,1,Passenger_820,male,20.502855208503654,0,0,31.178098232014356,S
821,1,1,Passenger_821,female,26.278435185440912,0,0,7.455087663982279,S
822,0,3,Passenger_822,male,40.490692799568,0,4,22.442260865757678,S
823,0,3,Passenger_823,male,35.81241821128014,0,0,25.190331620117792,C
824,0,1,Passenger_824,male,33.56886674628333,0,0,10.668386145095758,S
825,0,3,Passenger_825,male,24.782726950584436,0,0,94.87107954753742,S
826,1,1,Passenger_826,male,,0,0,59.13926251432575,S
827,0,3,Passenger_827,female,27.905876138553527,0,1,41.00731588171376,S
828,0,3,Passenger_828,male,36.33818134392388,0,0,2.5985088948255672,S
829,1,1,Passenger_829,female,22.494485635789314,0,1,3.590238395330817,Q
830,0,1,Passenger_830,male,27.05274987149665,2,0,21.722019132096555,S
831,0,1,Passenger_831,male,,1,1,5.606495141381256,S
832,0,2,Passenger_832,female,29.19238965490958,1,0,122.52328771765177,S
833,0,1,Passenger_833,male,17.94048747738175,0,1,5.52298594657266,Q
834,0,3,Passenger_834,male,13.546326472651096,1,0,21.388537915795517,S
835,0,1,Passenger_835,male,33.45058664390313,1,0,14.487906390557278,S
836,0,3,Passenger_836,male,32.78472674993608,1,0,32.63834603193109,C
837,1,3,Passenger_837,female,,0,2,4.4209633361313845,S
838,0,3,Passenger_838,male,23.448679241161063,0,0,18.005574694898083,S
839,0,3,Passenger_839,female,,1,0,10.277659378192626,S
840,1,2,Passenger_840,female,37.68656479796812,0,1,69.98529072874544,S
841,0,3,Passenger_841,male,36.149220213558124,0,0,1.325833520775255,S
842,1,3,Passenger_842,female,17.728021599368937,0,0,78.40781817772151,S
843,0,2,Passenger_843,male,31.86577049293224,0,0,57.27124379828134,S
844,1,1,Passenger_844,female,,0,0,11.30273749804432,S
845,0,3,Passenger_845,male,29.804087770165157,0,2,49.83281937483625,S
846,0,2,Passenger_846,female,,0,1,1.014754684410101,S
847,0,1,Passenger_847,male,32.027099547615464,0,0,109.02981635830352,S
848,1,2,Passenger_848,male,61.781700071260005,0,3,23.92972476142496,Q
849,0,2,Passenger_849,male,24.47943060302375,0,0,11.563940585830638,S
850,0,3,Passenger_850,female,19.142882081097845,0,0,14.410609280945858,S
851,0,3,Passenger_851,male,,1,0,2.198813831629377,S
852,1,3,Passenger_852,male,,1,0,145.34879225639162,S
853,0,1,Passenger_853,female,,0,0,1.282710695908986,S
854,1,2,Passenger_854,female,11.460911739321126,0,2,34.046134077239856,S
855,0,3,Passenger_855,female,40.30501366233739,0,1,18.710913725715603,S
856,0,1,Passenger_856,female,38.26111988814622,1,0,95.1772228330389,S
857,0,2,Passenger_857,female,27.63887521436208,0,0,9.035602129713416,C
858,0,3,Passenger_858,female,34.610966109864506,0,0,24.30312068834401,S
859,0,1,Passenger_859,male,44.62713348317618,0,2,21.07097390805888,S
860,0,3,Passenger_860,male,42.34857301041253,0,1,38.83435385355823,S
861,1,1,Passenger_861,female,13.126219974930933,1,0,2.253870171089008,S
862,0,1,Passenger_862,male,41.592293707954525,1,1,6.893118253191588,S
863,0,2,Passenger_863,male,,0,0,7.7285550559089655,S
864,0,3,Passenger_864,male,30.75667442122497,0,0,42.879562911563596,S
865,0,3,Passenger_865,female,30.76135636952457,0,0,6.709064268502183,C
866,0,3,Passenger_866,male,27.52147666242523,0,0,27.267955242016118,C
867,0,3,Passenger_867,male,,0,0,7.756230681919161,S
868,0,1,Passenger_868,male,28.486089582186423,0,0,63.28920087114703,S
869,1,3,Passenger_869,male,13.466581138444052,0,0,91.21647624110615,C
870,1,3,Passenger_870,male,,0,0,23.38670265302282,S
871,0,3,Passenger_871,male,32.291073393751894,3,0,13.898923821982146,S
872,0,1,Passenger_872,male,47.523614372307236,0,0,8.532753164509787,S
873,1,3,Passenger_873,female,,1,0,1.6340094797345215,S
874,0,1,Passenger_874,male,,1,2,10.005061206017736,S
875,0,2,Passenger_875,female,65.73525379184393,0,0,33.98394179655062,S
876,0,3,Passenger_876,female,33.539242009180704,1,0,24.40793429522374,S
877,1,3,Passenger_877,male,48.193165700985716,0,0,92.26051111062871,S
878,1,2,Passenger_878,female,27.500140713130175,0,1,16.14848736962051,C
879,0,2,Passenger_879,male,,0,4,37.879157856799495,S
880,0,3,Passenger_880,female,41.87229331551687,5,0,21.504559618470488,S
881,0,3,Passenger_881,male,47.36382332043671,0,0,22.99588291596864,S
882,1,3,Passenger_882,female,,0,2,9.973327973032843,S
883,0,3,Passenger_883,male,42.34685650105818,2,0,19.420133461638123,C
884,0,3,Passenger_884,male,25.131242397685426,0,0,20.363535898466406,S
885,1,2,Passenger_885,male,21.40968239163711,1,0,39.24362724306931,S
886,0,3,Passenger_886,female,,1,0,90.37230932518375,S
887,1,2,Passenger_887,female,43.23035704894551,1,0,12.782881941486803,S
888,0,2,Passenger_888,male,26.470549838739196,4,0,1.3797369696131643,S
889,0,3,Passenger_889,male,45.144993502858604,4,0,21.944471964521412,S
890,0,1,Passenger_890,male,,0,2,25.160789596301875,S
891,1,3,Passenger_891,female,16.413346673435413,1,0,5.902479583107626,S
